City_ID,City,Country,Date,Lat,Lng,Max Temp,Humidity,Cloudiness,Wind Speed
0,Kodiak,US,2022-03-24 02:57:02,57.79,-152.4072,32.77,63,67,8.46
1,Punta Arenas,CL,2022-03-24 02:57:02,-53.15,-70.9167,46.51,49,0,17.27
2,Polunochnoye,RU,2022-03-24 02:57:02,60.8697,60.4153,15.71,79,31,6.73
3,Tual,ID,2022-03-24 02:57:03,-5.6667,132.75,79.68,85,100,24.47
4,Rikitea,PF,2022-03-24 02:57:03,-23.1203,-134.9692,79.54,71,100,13.29
5,Hilo,US,2022-03-24 02:55:17,19.7297,-155.09,73.13,93,100,9.22
6,Cockburn Town,TC,2022-03-24 02:56:33,21.4612,-71.1419,77.95,77,0,24.61
7,Pavino,RU,2022-03-24 02:57:04,59.1139,46.1414,28.76,90,100,5.77
8,Ushuaia,AR,2022-03-24 02:55:13,-54.8,-68.3,47.86,40,75,16.11
9,Awjilah,LY,2022-03-24 02:57:05,29.1081,21.2869,48.87,69,0,7.9
10,Castro,BR,2022-03-24 02:57:05,-24.7911,-50.0119,63.19,93,95,4.16
11,Mataura,NZ,2022-03-24 02:57:06,-46.1927,168.8643,62.01,51,9,9.46
12,Puerto Ayora,EC,2022-03-24 02:57:06,-0.7393,-90.3518,78.48,81,54,7.18
13,Qaanaaq,GL,2022-03-24 02:57:07,77.484,-69.3632,-12.23,81,99,7.16
14,Yarada,IN,2022-03-24 02:57:07,17.65,83.2667,82.72,89,75,5.75
15,Fortuna,US,2022-03-24 02:57:08,40.5982,-124.1573,51.93,87,0,9.22
16,Barrow,US,2022-03-24 02:57:08,71.2906,-156.7887,-7.8,90,6,16.67
17,Butaritari,KI,2022-03-24 02:57:09,3.0707,172.7902,80.71,78,24,12.5
18,Bejar,ES,2022-03-24 02:54:25,40.3864,-5.7634,42.76,92,100,7.34
19,Busselton,AU,2022-03-24 02:57:10,-33.65,115.3333,73.76,39,0,11.5
20,Nouakchott,MR,2022-03-24 02:57:10,18.0858,-15.9785,66.13,57,0,14.45
21,Matara,LK,2022-03-24 02:57:10,5.9485,80.5353,83.32,68,75,6.46
22,Upernavik,GL,2022-03-24 02:57:11,72.7868,-56.1549,-14.89,91,47,5.19
23,Tiksi,RU,2022-03-24 02:57:12,71.6872,128.8694,-3.37,94,95,2.8
24,Hermanus,ZA,2022-03-24 02:57:12,-34.4187,19.2345,66.79,88,84,9.44
25,Igarka,RU,2022-03-24 02:57:13,67.4667,86.5833,11.77,94,95,12.08
26,Mezen,RU,2022-03-24 02:57:14,65.8522,44.24,30.38,98,100,5.73
27,Vieques,PR,2022-03-24 02:57:14,18.425,-65.8329,74.89,80,5,13.31
28,Scarborough,GB,2022-03-24 02:53:19,54.2797,-0.4044,50.32,79,6,5.41
29,College,US,2022-03-24 02:57:15,64.8569,-147.8028,19.38,46,20,10.36
30,Ponta Do Sol,PT,2022-03-24 02:57:15,32.6667,-17.1,63.05,67,23,10.38
31,Le Mars,US,2022-03-24 02:57:16,42.7942,-96.1656,34.57,100,100,13.8
32,Norman Wells,CA,2022-03-24 02:57:16,65.282,-126.8329,5.04,61,20,10.36
33,Mackenzie,CA,2022-03-24 02:57:17,55.2999,-123.1698,39.42,48,75,6.91
34,Krasnoarmeyskiy,RU,2022-03-24 02:57:17,47.0114,42.2072,28.72,65,0,7.78
35,Albany,US,2022-03-24 02:57:18,42.6001,-73.9662,41.79,76,100,1.99
36,Praia Da Vitoria,PT,2022-03-24 02:57:18,38.7333,-27.0667,57.76,88,75,8.08
37,Tuktoyaktuk,CA,2022-03-24 02:57:18,69.4541,-133.0374,-13.0,70,20,19.57
38,Pevek,RU,2022-03-24 02:57:19,69.7008,170.3133,22.59,84,100,1.32
39,Russell,US,2022-03-24 02:57:19,32.3502,-85.1999,63.91,72,84,4.56
40,Tura,IN,2022-03-24 02:57:20,25.5198,90.2201,81.48,48,1,10.07
41,West Plains,US,2022-03-24 02:57:20,36.7281,-91.8524,40.03,82,100,10.36
42,Bredasdorp,ZA,2022-03-24 02:57:21,-34.5322,20.0403,67.51,85,97,6.11
43,Ulladulla,AU,2022-03-24 02:57:21,-35.35,150.4667,66.78,86,100,0.74
44,Khatanga,RU,2022-03-24 02:58:21,71.9667,102.5,6.01,94,100,5.28
45,Bage,BR,2022-03-24 02:58:22,-31.3314,-54.1069,69.58,94,0,10.36
46,Tashtyp,RU,2022-03-24 02:58:22,52.7939,89.8983,23.85,80,100,6.53
47,Lebu,CL,2022-03-24 02:58:23,-37.6167,-73.65,52.48,71,2,13.96
48,Azul,AR,2022-03-24 02:58:23,-36.777,-59.8585,56.34,99,92,1.74
49,Pavlogradka,RU,2022-03-24 02:58:23,54.2024,73.5592,26.69,97,100,14.85
50,Bengkulu,ID,2022-03-24 02:58:24,-3.8004,102.2655,83.3,62,23,4.21
51,Nikolskoye,RU,2022-03-24 02:58:24,59.7035,30.7861,32.88,96,13,4.14
52,Kasongo,CD,2022-03-24 02:58:25,-4.45,26.6667,65.84,97,41,1.7
53,Saint George,US,2022-03-24 02:54:09,37.1041,-113.5841,68.59,14,0,8.05
54,Taoudenni,ML,2022-03-24 02:58:25,22.6783,-3.9836,74.52,13,0,9.44
55,Bilibino,RU,2022-03-24 02:58:26,68.0546,166.4372,20.64,85,100,1.99
56,Jamestown,US,2022-03-24 02:57:48,42.097,-79.2353,47.01,70,100,13.8
57,Bay Roberts,CA,2022-03-24 02:58:27,47.5999,-53.2648,31.05,81,100,5.01
58,Port Alfred,ZA,2022-03-24 02:58:27,-33.5906,26.891,71.76,89,100,13.94
59,Makakilo City,US,2022-03-24 02:58:28,21.3469,-158.0858,76.75,63,75,11.5
60,Nioro,GM,2022-03-24 02:58:28,13.35,-15.75,72.27,38,1,5.08
61,Ponta Delgada,PT,2022-03-24 02:58:28,37.7333,-25.6667,59.5,72,75,4.61
62,Mehamn,NO,2022-03-24 02:58:29,71.0357,27.8492,24.19,60,98,15.14
63,Almaznyy,RU,2022-03-24 02:58:29,48.0448,40.045,31.51,61,0,5.26
64,Quatre Cocos,MU,2022-03-24 02:58:30,-20.2078,57.7625,79.09,74,64,11.99
65,Cape Town,ZA,2022-03-24 02:57:25,-33.9258,18.4232,66.61,86,40,13.8
66,Duayaw Nkwanta,GH,2022-03-24 02:58:30,7.1724,-2.1028,73.02,93,89,3.33
67,Dikson,RU,2022-03-24 02:58:31,73.5069,80.5464,4.19,94,100,9.08
68,Praya,CV,2022-03-24 02:58:32,14.9215,-23.5087,68.54,73,20,19.57
69,Hilton Head Island,US,2022-03-24 02:57:40,32.2163,-80.7526,69.91,93,100,1.99
70,Snyder,US,2022-03-24 02:58:32,32.7179,-100.9176,50.34,29,0,12.66
71,Kefamenanu,ID,2022-03-24 02:58:33,-9.4467,124.4781,83.48,65,97,3.02
72,Port Blair,IN,2022-03-24 02:58:33,11.6667,92.75,84.24,79,40,4.61
73,Te Anau,NZ,2022-03-24 02:58:34,-45.4167,167.7167,62.6,43,7,3.65
74,Tupiza,BO,2022-03-24 02:58:34,-21.45,-65.7167,62.04,25,17,4.5
75,Sao Joao Da Barra,BR,2022-03-24 02:58:34,-21.6403,-41.0511,74.95,78,3,5.84
76,Gagnoa,CI,2022-03-24 02:58:35,6.1293,-5.9437,73.83,97,100,2.68
77,Vaini,TO,2022-03-24 02:58:35,-21.2,-175.2,78.96,94,100,11.5
78,Chuy,UY,2022-03-24 02:58:36,-33.6971,-53.4616,69.82,90,100,9.46
79,Cherskiy,RU,2022-03-24 02:58:36,68.75,161.3,18.61,92,100,5.68
80,San Vicente,AR,2022-03-24 02:58:38,-26.6167,-54.1333,67.5,97,72,6.8
81,Mogadishu,SO,2022-03-24 02:58:38,2.0371,45.3438,80.47,78,20,8.05
82,Nuuk,GL,2022-03-24 02:58:38,64.1835,-51.7216,-7.13,97,65,7.36
83,Bluff,NZ,2022-03-24 02:58:39,-46.6,168.3333,58.62,60,62,17.11
84,Hobart,AU,2022-03-24 02:58:39,-42.8794,147.3294,69.66,53,75,20.71
85,Sao Filipe,CV,2022-03-24 02:58:40,14.8961,-24.4956,69.22,73,1,10.74
86,Bagdarin,RU,2022-03-24 02:58:40,54.4333,113.6,24.12,69,100,2.73
87,Elbistan,TR,2022-03-24 02:58:40,38.2059,37.1983,24.62,74,48,2.62
88,Hithadhoo,MV,2022-03-24 02:55:24,-0.6,73.0833,83.71,66,0,18.32
89,New Norfolk,AU,2022-03-24 02:59:41,-42.7826,147.0587,69.3,49,81,5.99
90,Kiblawan,PH,2022-03-24 02:59:41,6.6142,125.2367,85.98,62,98,4.99
91,Carnarvon,AU,2022-03-24 02:59:42,-24.8667,113.6333,86.07,66,100,5.75
92,Bubaque,GW,2022-03-24 02:59:42,11.2833,-15.8333,74.17,73,10,8.77
93,Omboue,GA,2022-03-24 02:59:43,-1.5746,9.2618,78.22,85,82,4.18
94,Irbeyskoye,RU,2022-03-24 02:59:43,55.6428,95.4522,24.76,69,97,10.96
95,Thompson,CA,2022-03-24 02:59:44,55.7435,-97.8558,35.76,80,75,8.05
96,Yokadouma,CM,2022-03-24 02:59:44,3.5167,15.05,70.79,65,71,1.39
97,Kahramanmaras,TR,2022-03-24 02:59:45,38.0,37.0,21.36,89,82,3.74
98,Whitianga,NZ,2022-03-24 02:59:45,-36.8333,175.7,69.62,76,95,20.09
99,Georgetown,MY,2022-03-24 02:56:50,5.4112,100.3354,87.73,82,20,3.44
100,Saint-Philippe,RE,2022-03-24 02:59:46,-21.3585,55.7679,75.11,82,51,9.66
101,Sur,OM,2022-03-24 02:59:46,22.5667,59.5289,80.73,37,0,3.11
102,Macherla,IN,2022-03-24 02:59:47,16.4833,79.4333,84.04,64,11,9.17
103,Praxedis Guerrero,MX,2022-03-24 02:59:47,31.3667,-106.0167,53.78,21,0,4.56
104,Yellowknife,CA,2022-03-24 02:55:18,62.456,-114.3525,7.32,79,20,9.22
105,Saldanha,ZA,2022-03-24 02:59:48,-33.0117,17.9442,64.45,91,6,19.62
106,Tuatapere,NZ,2022-03-24 02:59:48,-46.1333,167.6833,59.0,60,83,9.8
107,Peleduy,RU,2022-03-24 02:59:49,59.6289,112.7406,28.85,89,99,2.82
108,Awbari,LY,2022-03-24 02:59:49,26.5921,12.7805,48.9,30,1,9.73
109,Ramnagar,IN,2022-03-24 02:59:50,29.4,79.1167,81.12,14,2,3.2
110,Labuan,MY,2022-03-24 02:59:50,5.2767,115.2417,84.56,79,20,3.44
111,Beringovskiy,RU,2022-03-24 02:59:51,63.05,179.3167,22.37,88,100,3.91
112,Mar Del Plata,AR,2022-03-24 02:59:51,-38.0023,-57.5575,69.1,96,100,11.99
113,Joetsu,JP,2022-03-24 02:59:52,37.1483,138.2364,46.98,75,78,7.25
114,Waraseoni,IN,2022-03-24 02:59:52,21.75,80.0333,86.4,14,23,8.03
115,Esperance,AU,2022-03-24 02:59:52,-33.8667,121.9,69.64,56,63,7.65
116,Port Elizabeth,ZA,2022-03-24 02:59:53,-33.918,25.5701,69.1,86,40,17.27
117,Anadyr,RU,2022-03-24 02:59:53,64.75,177.4833,10.9,85,20,4.47
118,Tasiilaq,GL,2022-03-24 02:59:54,65.6145,-37.6368,5.2,72,100,5.97
119,East London,ZA,2022-03-24 02:59:54,-33.0153,27.9116,71.85,78,99,13.44
120,Padang,ID,2022-03-24 02:59:55,-0.9492,100.3543,86.05,54,79,2.39
121,Kahului,US,2022-03-24 02:59:55,20.8947,-156.47,71.96,93,60,15.48
122,Michigan City,US,2022-03-24 02:59:56,41.7075,-86.895,49.21,88,100,20.71
123,Quimper,FR,2022-03-24 02:59:56,48.0,-4.1,45.16,75,0,5.75
124,Leshukonskoye,RU,2022-03-24 02:59:56,64.8989,45.7622,31.19,93,100,11.05
125,Valparaiso,CL,2022-03-24 02:55:42,-33.0393,-71.6273,61.48,60,0,5.75
126,Cumana,VE,2022-03-24 02:59:57,10.4635,-64.1775,75.38,83,10,13.69
127,Avarua,CK,2022-03-24 02:59:57,-21.2078,-159.775,82.45,74,40,11.5
128,Carlisle,US,2022-03-24 02:59:58,40.2015,-77.1889,45.99,90,100,3.0
129,Urumqi,CN,2022-03-24 02:59:58,43.801,87.6005,29.35,64,0,4.47
130,Cabo San Lucas,MX,2022-03-24 02:59:59,22.8909,-109.9124,73.51,47,0,1.99
131,Vostok,RU,2022-03-24 02:59:59,46.4856,135.8833,34.97,66,18,3.15
132,Joshimath,IN,2022-03-24 03:01:00,30.5667,79.5667,58.87,37,2,2.13
133,Micheweni,TZ,2022-03-24 03:01:00,-4.9667,39.8333,80.11,85,12,8.61
134,Puerto Escondido,MX,2022-03-24 03:01:01,15.85,-97.0667,79.11,81,2,2.48
135,Batagay-Alyta,RU,2022-03-24 03:01:01,67.8006,130.4114,-0.96,75,60,3.49
136,Bogorodskoye,RU,2022-03-24 03:01:02,56.55,37.8833,25.95,99,100,2.66
137,Henties Bay,NA,2022-03-24 03:01:02,-22.116,14.2845,64.36,92,15,5.73
138,Ahipara,NZ,2022-03-24 03:01:03,-35.1667,173.1667,70.59,74,17,18.05
139,Sola,VU,2022-03-24 03:01:03,-13.8833,167.55,82.65,71,96,7.78
140,Jalu,LY,2022-03-24 03:01:04,29.0331,21.5482,48.85,68,0,7.85
141,Atuona,PF,2022-03-24 03:01:04,-9.8,-139.0333,79.34,78,99,15.17
142,Gobabis,NA,2022-03-24 03:01:04,-22.45,18.9667,66.4,74,100,7.4
143,Mount Gambier,AU,2022-03-24 03:01:05,-37.8333,140.7667,62.31,51,90,5.39
144,Danane,CI,2022-03-24 03:01:05,7.2596,-8.155,70.79,96,86,1.23
145,Flinders,AU,2022-03-24 03:01:06,-34.5833,150.8552,70.18,84,100,1.99
146,Zhigansk,RU,2022-03-24 03:01:06,66.7697,123.3711,16.97,92,100,9.19
147,Kulu,TR,2022-03-24 03:01:07,39.0951,33.0799,30.29,78,56,7.27
148,Wangkui,CN,2022-03-24 03:01:07,46.8333,126.5,38.62,78,12,6.22
149,Ormara,PK,2022-03-24 03:01:08,25.2088,64.6357,76.6,66,0,9.1
150,Iqaluit,CA,2022-03-24 03:00:40,63.7506,-68.5145,13.69,72,100,17.0
151,Souillac,MU,2022-03-24 03:01:08,-20.5167,57.5167,79.18,83,40,5.75
152,Hamilton,US,2022-03-24 03:00:20,39.1834,-84.5333,52.09,69,59,5.01
153,Plettenberg Bay,ZA,2022-03-24 03:01:09,-34.0527,23.3716,65.82,91,29,6.26
154,Klaksvik,FO,2022-03-24 03:01:09,62.2266,-6.589,45.52,94,50,4.07
155,Coahuayana,MX,2022-03-24 03:01:10,18.7333,-103.6833,66.74,72,22,3.29
156,Itarema,BR,2022-03-24 03:01:10,-2.9248,-39.9167,75.72,90,100,7.0
157,Kipini,KE,2022-03-24 03:01:11,-2.5257,40.5262,82.69,89,11,11.03
158,Sikonge,TZ,2022-03-24 03:01:11,-5.6333,32.7667,61.97,89,70,3.65
159,Kavaratti,IN,2022-03-24 03:01:12,10.5669,72.642,83.07,68,87,5.41
160,Clyde River,CA,2022-03-24 03:01:12,70.4692,-68.5914,-3.77,84,100,4.61
161,Mandalgovi,MN,2022-03-24 03:01:12,45.7625,106.2708,27.34,26,32,31.29
162,Saskylakh,RU,2022-03-24 03:01:13,71.9167,114.0833,-2.87,96,96,4.65
163,Poum,NC,2022-03-24 03:01:13,-20.2333,164.0167,80.31,76,88,4.25
164,Faanui,PF,2022-03-24 03:01:14,-16.4833,-151.75,81.07,73,100,8.75
165,Huarmey,PE,2022-03-24 03:01:14,-10.0681,-78.1522,70.7,83,99,8.68
166,Saint Anthony,US,2022-03-24 03:00:34,45.0205,-93.218,35.2,81,100,17.27
167,Lorengau,PG,2022-03-24 03:01:15,-2.0226,147.2712,85.17,69,99,6.8
168,Tefe,BR,2022-03-24 03:01:16,-3.3542,-64.7114,74.59,99,100,1.52
169,Verkhoyansk,RU,2022-03-24 03:01:16,67.5447,133.385,3.04,84,97,3.38
170,Zwedru,LR,2022-03-24 03:01:16,6.0667,-8.1281,73.13,99,99,2.33
171,Sitka,US,2022-03-24 03:01:17,57.0531,-135.33,40.89,75,100,10.36
172,Hobyo,SO,2022-03-24 03:01:17,5.3505,48.5268,79.48,77,18,6.62
173,Yerbogachen,RU,2022-03-24 03:01:18,61.2767,108.0108,23.67,88,100,7.16
174,Rio Grande,BR,2022-03-24 02:56:59,-32.035,-52.0986,71.71,83,100,10.2
175,Garowe,SO,2022-03-24 03:01:18,8.4054,48.4845,72.12,84,4,4.68
176,Kapaa,US,2022-03-24 03:01:19,22.0752,-159.319,82.38,76,98,5.01
177,Itacoatiara,BR,2022-03-24 03:01:19,-3.1431,-58.4442,74.98,97,95,2.93
178,Sept-Iles,CA,2022-03-24 03:02:20,50.2001,-66.3821,18.77,82,3,7.67
179,California City,US,2022-03-24 03:02:20,35.1258,-117.9859,74.61,20,0,6.91
180,Nizwa,OM,2022-03-24 03:02:21,22.9333,57.5333,75.04,21,1,2.64
181,Gat,IL,2022-03-24 03:02:21,31.61,34.7642,48.4,100,46,10.45
182,Marzuq,YE,2022-03-24 03:02:22,14.4,46.4667,67.68,63,94,5.12
183,Waterfoot,GB,2022-03-24 03:02:23,53.6929,-2.2525,45.97,82,19,1.36
184,Nanortalik,GL,2022-03-24 03:02:23,60.1432,-45.2371,20.53,85,61,5.73
185,Haines Junction,CA,2022-03-24 03:02:24,60.7522,-137.5108,24.96,92,100,5.17
186,Srednekolymsk,RU,2022-03-24 03:02:24,67.45,153.6833,10.76,85,97,5.61
187,Mavrovi Anovi,MK,2022-03-24 03:02:25,41.7025,20.7564,28.62,53,0,4.36
188,Pervomayskoye,RU,2022-03-24 03:02:26,43.919,46.7102,37.13,61,12,21.56
189,Constitucion,CL,2022-03-24 03:01:38,-35.3333,-72.4167,55.04,55,0,12.68
190,Airai,TL,2022-03-24 03:02:26,-8.9266,125.4092,72.43,65,98,2.95
191,Teya,RU,2022-03-24 03:02:27,60.3778,92.6267,19.11,87,100,4.03
192,Lavrentiya,RU,2022-03-24 03:02:27,65.5833,-171.0,8.67,81,1,5.35
193,Ancud,CL,2022-03-24 03:02:27,-41.8697,-73.8203,47.23,77,8,4.12
194,Vryburg,ZA,2022-03-24 03:02:28,-26.9566,24.7284,60.69,78,60,2.8
195,Sayyan,YE,2022-03-24 03:02:28,15.1718,44.3244,57.13,65,13,1.68
196,Roswell,US,2022-03-24 03:02:29,34.0232,-84.3616,63.55,61,20,10.36
197,Skjervoy,NO,2022-03-24 03:02:29,70.0311,20.9714,30.2,64,100,7.43
198,Chokurdakh,RU,2022-03-24 03:02:29,70.6333,147.9167,2.8,90,99,0.13
199,Thinadhoo,MV,2022-03-24 03:02:31,0.5333,72.9333,83.55,66,2,17.43
200,Lebyazhye,RU,2022-03-24 03:02:31,55.2689,66.4947,30.69,87,100,22.84
201,Nelson,NZ,2022-03-24 03:02:33,-41.2833,173.2833,74.28,89,100,1.01
202,Znamenskoye,RU,2022-03-24 03:02:33,57.1281,73.8282,20.98,95,98,5.88
203,Tairua,NZ,2022-03-24 03:02:34,-37.0167,175.85,68.86,79,77,20.45
204,Samarai,PG,2022-03-24 03:02:34,-10.6167,150.6667,86.86,66,14,12.48
205,Mahon,ES,2022-03-24 03:02:34,39.8885,4.2658,54.16,87,100,14.97
206,Imbituba,BR,2022-03-24 03:02:35,-28.24,-48.6703,73.81,93,100,14.05
207,At-Bashi,KG,2022-03-24 03:02:35,41.1702,75.8106,30.24,89,99,2.98
208,Dungarpur,IN,2022-03-24 03:02:36,23.8333,73.7167,84.92,20,66,3.69
209,Saint-Augustin,CA,2022-03-24 03:02:36,51.226,-58.6502,25.72,73,19,23.42
210,Namibe,AO,2022-03-24 03:02:36,-15.1961,12.1522,73.71,86,87,5.17
211,Pacific Grove,US,2022-03-24 03:02:37,36.6177,-121.9166,55.87,89,28,4.0
212,Ambulu,ID,2022-03-24 03:02:37,-8.345,113.6058,84.42,69,100,0.45
213,Sabha,LY,2022-03-24 03:02:38,27.0377,14.4283,48.02,38,0,10.51
214,Nizhniy Bestyakh,RU,2022-03-24 03:02:38,61.9594,129.9086,13.48,62,0,2.24
215,Aswan,EG,2022-03-24 03:02:39,24.0934,32.907,53.24,28,3,9.75
216,Kholtoson,RU,2022-03-24 02:58:21,50.2981,103.3097,21.49,57,100,11.27
217,Vila Velha,BR,2022-03-24 03:00:37,-20.3297,-40.2925,71.94,88,42,2.73
218,Mahebourg,MU,2022-03-24 03:01:08,-20.4081,57.7,79.25,83,40,5.75
219,Cidreira,BR,2022-03-24 03:02:40,-30.1811,-50.2056,70.92,84,100,9.4
220,Goderich,CA,2022-03-24 03:01:32,43.7501,-81.7165,37.9,93,100,26.22
221,Grindavik,IS,2022-03-24 03:02:40,63.8424,-22.4338,43.27,100,100,19.57
222,Deputatskiy,RU,2022-03-24 03:02:41,69.3,139.9,4.98,87,100,1.36
223,Kieta,PG,2022-03-24 03:02:41,-6.2167,155.6333,84.04,70,85,4.97
224,Salalah,OM,2022-03-24 03:03:42,17.0151,54.0924,74.26,43,6,2.17
225,Marsaxlokk,MT,2022-03-24 03:03:42,35.8419,14.5431,47.01,87,0,4.61
226,Vestmanna,FO,2022-03-24 03:03:42,62.1564,-7.1664,43.72,93,100,3.44
227,Abasolo,MX,2022-03-24 03:03:43,20.45,-101.5167,58.59,11,70,5.32
228,Torbay,CA,2022-03-24 03:00:35,47.6666,-52.7314,30.27,87,93,19.35
229,Bastia,FR,2022-03-24 03:03:43,42.6667,9.3333,49.3,47,0,6.91
230,Sakakah,SA,2022-03-24 03:03:44,29.9697,40.2064,46.42,45,0,5.08
231,Mbekenyera,TZ,2022-03-24 03:03:44,-10.0,38.9833,69.67,98,94,2.21
232,Adrar,MR,2022-03-24 03:02:20,20.5022,-10.0711,66.11,27,0,10.98
233,Narsaq,GL,2022-03-24 03:03:12,60.9167,-46.05,23.22,79,85,6.62
234,Port Hardy,CA,2022-03-24 03:03:45,50.6996,-127.4199,44.78,87,75,3.44
235,Faro,PT,2022-03-24 03:00:34,37.0194,-7.9322,55.18,94,40,13.8
236,Najran,SA,2022-03-24 02:59:57,17.4924,44.1277,70.45,53,17,5.48
237,Kildinstroy,RU,2022-03-24 03:03:47,68.8049,33.1,25.11,100,75,4.47
238,Nabire,ID,2022-03-24 03:03:47,-3.3667,135.4833,85.6,66,80,5.06
239,Vyshhorod,UA,2022-03-24 03:03:47,50.5848,30.4898,45.93,79,5,8.32
240,Alihe,CN,2022-03-24 03:03:48,50.5667,123.7167,31.23,79,100,5.39
241,Coihaique,CL,2022-03-24 03:03:48,-45.5752,-72.0662,47.01,97,45,8.77
242,Algarrobo,CO,2022-03-24 03:00:15,10.1869,-74.5753,80.91,65,7,3.74
243,Kavieng,PG,2022-03-24 03:03:49,-2.5744,150.7967,84.29,71,100,8.77
244,Bambous Virieux,MU,2022-03-24 03:03:49,-20.3428,57.7575,79.21,83,40,5.75
245,Baza,ES,2022-03-24 03:03:50,37.4907,-2.7726,48.42,89,100,8.99
246,Pasighat,IN,2022-03-24 03:03:50,28.0667,95.3333,84.85,38,79,2.98
247,Yichun,CN,2022-03-24 03:03:50,47.7,128.9,37.49,60,6,1.01
248,Erzin,TR,2022-03-24 03:03:51,36.9559,36.2,43.57,90,100,3.47
249,Liverpool,GB,2022-03-24 03:00:44,53.4106,-2.9779,45.82,77,0,2.3
250,Qujing,CN,2022-03-24 03:03:52,25.4833,103.7833,62.42,77,99,17.36
251,Labytnangi,RU,2022-03-24 03:03:52,66.6572,66.4183,14.18,84,100,10.76
252,Lagoa,PT,2022-03-24 03:03:54,39.05,-27.9833,59.09,69,77,13.44
253,Chacabuco,AR,2022-03-24 03:03:54,-34.6417,-60.4739,58.23,95,100,20.87
254,Quelimane,MZ,2022-03-24 03:03:54,-17.8786,36.8883,69.24,97,4,3.44
255,Tete,MZ,2022-03-24 03:03:55,-16.1564,33.5867,68.31,97,6,1.52
256,Luderitz,NA,2022-03-24 03:03:55,-26.6481,15.1594,63.27,82,5,9.91
257,Vao,NC,2022-03-24 03:03:56,-22.6667,167.4833,77.38,64,68,12.55
258,Antalaha,MG,2022-03-24 03:03:56,-14.9003,50.2788,75.78,91,10,5.61
259,Leningradskiy,RU,2022-03-24 03:03:57,69.3833,178.4167,11.46,92,85,8.16
260,Hambantota,LK,2022-03-24 03:03:57,6.1241,81.1185,80.94,100,20,4.61
261,Kabinda,CD,2022-03-24 03:03:57,-6.1333,24.4833,64.96,93,59,4.0
262,Sao Lourenco,BR,2022-03-24 03:03:58,-22.1164,-45.0544,61.11,95,26,1.19
263,Chimore,BO,2022-03-24 03:03:58,-16.9833,-65.1333,74.03,98,99,2.1
264,Isangel,VU,2022-03-24 03:03:59,-19.55,169.2667,80.71,83,99,7.92
265,Sisimiut,GL,2022-03-24 03:03:59,66.9395,-53.6735,-0.33,72,46,9.4
266,Maracacume,BR,2022-03-24 03:04:00,-2.0428,-45.9592,73.31,99,100,2.06
267,Saint-Michel-Des-Saints,CA,2022-03-24 03:04:00,46.6834,-73.9159,25.29,87,75,11.59
268,Victoria,HK,2022-03-24 02:59:50,22.2855,114.1577,66.94,89,100,11.01
269,Wlodawa,PL,2022-03-24 03:04:01,51.55,23.55,34.95,65,0,7.87
270,Sawakin,SD,2022-03-24 03:04:01,19.1059,37.3321,68.74,72,41,12.28
271,Camana,PE,2022-03-24 03:05:02,-16.6228,-72.7111,69.4,80,78,6.29
272,Hirna,ET,2022-03-24 03:05:02,9.2167,41.1,61.03,77,61,2.3
273,Kushiro,JP,2022-03-24 03:05:02,42.975,144.3747,36.82,76,100,5.93
274,Arvika,SE,2022-03-24 03:05:03,59.6553,12.5852,32.61,91,68,2.53
275,Sheboygan,US,2022-03-24 03:05:03,43.7333,-87.9334,39.38,95,100,16.11
276,Tautira,PF,2022-03-24 03:01:29,-17.7333,-149.15,80.65,72,94,9.46
277,Alanya,TR,2022-03-24 03:05:05,36.5438,31.9998,39.33,49,47,6.85
278,Bathsheba,BB,2022-03-24 03:05:05,13.2167,-59.5167,77.61,78,40,20.71
279,Araceli,PH,2022-03-24 03:05:06,10.5529,119.9913,83.91,74,66,14.09
280,Mancora,PE,2022-03-24 03:05:07,-4.1078,-81.0475,78.98,64,97,12.03
281,Bima,ID,2022-03-24 03:05:07,-8.4667,118.7167,87.53,67,89,2.68
282,Ilulissat,GL,2022-03-24 03:05:08,69.2167,-51.1,-2.18,50,0,2.3
283,Abu Dhabi,AE,2022-03-24 03:04:24,24.4667,54.3667,72.97,47,0,6.73
284,Kombissiri,BF,2022-03-24 03:05:08,12.0656,-1.3375,80.71,13,15,3.31
285,Channel-Port Aux Basques,CA,2022-03-24 03:05:09,47.5702,-59.1367,29.57,82,89,25.41
286,Umba,RU,2022-03-24 03:05:09,66.6871,34.3429,32.83,97,100,14.92
287,Malumfashi,NG,2022-03-24 03:05:10,11.7853,7.6218,72.05,19,14,9.22
288,Champerico,GT,2022-03-24 03:05:10,14.3,-91.9167,81.9,72,45,9.19
289,Touros,BR,2022-03-24 03:00:52,-5.1989,-35.4608,79.7,79,92,9.28
290,Qaqortoq,GL,2022-03-24 03:05:11,60.7167,-46.0333,16.83,85,88,5.77
291,Lata,PT,2022-03-24 03:05:11,40.1629,-8.3327,52.92,80,46,6.17
292,Kargat,RU,2022-03-24 03:05:12,55.1956,80.2811,25.5,91,100,11.92
293,Celestun,MX,2022-03-24 03:05:16,20.8667,-90.4,77.25,85,34,14.47
294,Tapiramuta,BR,2022-03-24 03:05:16,-11.8472,-40.7914,64.08,99,33,3.78
295,Uniontown,US,2022-03-24 03:05:16,39.9001,-79.7164,58.08,57,46,5.99
296,Luganville,VU,2022-03-24 03:01:17,-15.5333,167.1667,83.14,78,89,4.16
297,Severo-Kurilsk,RU,2022-03-24 03:02:29,50.6789,156.125,32.31,73,71,10.11
298,Talnakh,RU,2022-03-24 03:05:21,69.4865,88.3972,9.21,81,85,8.68
299,Trabzon,TR,2022-03-24 03:05:22,40.9167,39.8333,35.69,93,75,0.0
300,Kuznetsk,RU,2022-03-24 03:05:22,53.1167,46.6004,30.99,87,100,5.59
301,Winnemucca,US,2022-03-24 03:05:23,40.973,-117.7357,55.45,47,0,9.22
302,Berlevag,NO,2022-03-24 03:02:37,70.8578,29.0864,24.6,61,100,18.43
303,Grand-Lahou,CI,2022-03-24 03:05:23,5.1367,-5.0242,78.6,92,70,5.03
304,Mahibadhoo,MV,2022-03-24 03:05:24,3.7833,72.9667,83.34,63,70,14.32
305,La Ronge,CA,2022-03-24 03:05:24,55.1001,-105.2842,31.86,94,55,5.68
306,Ulaangom,MN,2022-03-24 03:05:25,49.9811,92.0667,8.15,82,100,4.68
307,Caracollo,PE,2022-03-24 03:05:25,-14.9165,-70.6603,44.42,89,95,2.73
308,Hailar,CN,2022-03-24 03:05:25,49.2,119.7,24.49,75,51,8.99
309,Bethel,US,2022-03-24 03:05:26,41.3712,-73.414,39.76,78,100,10.36
310,Aden,YE,2022-03-24 03:05:26,12.7794,45.0367,77.61,83,69,6.46
311,Acarau,BR,2022-03-24 03:05:27,-2.8856,-40.12,76.33,89,100,7.72
312,Kruisfontein,ZA,2022-03-24 03:05:27,-34.0033,24.7314,66.88,88,100,7.83
313,Dublin,US,2022-03-24 03:02:41,37.7021,-121.9358,65.37,73,0,9.22
314,Joao Pinheiro,BR,2022-03-24 03:05:28,-17.7425,-46.1725,70.63,69,99,6.33
315,San Patricio,US,2022-03-24 03:06:28,28.017,-97.5169,68.09,36,62,2.48
316,Beyneu,KZ,2022-03-24 03:06:29,45.3167,55.2,34.27,55,0,6.76
317,Bonavista,CA,2022-03-24 03:06:29,48.6499,-53.1147,28.76,92,100,21.99
318,Kalianget,ID,2022-03-24 03:06:30,-7.05,113.9333,85.12,69,80,2.8
319,Westport,US,2022-03-24 03:06:30,41.1415,-73.3579,42.57,70,100,16.11
320,Santa Marta,CO,2022-03-24 03:04:00,11.2408,-74.199,80.15,72,8,20.15
321,Alice Springs,AU,2022-03-24 03:01:43,-23.7,133.8833,90.95,22,8,6.91
322,Volchikha,RU,2022-03-24 03:06:31,52.0333,80.3833,23.27,92,100,16.22
323,Paamiut,GL,2022-03-24 03:03:12,61.994,-49.6678,6.75,82,32,6.64
324,Minot,US,2022-03-24 03:03:24,48.2325,-101.2963,34.02,75,0,3.44
325,Zhanaozen,KZ,2022-03-24 03:06:32,43.3,52.8,30.42,59,2,13.33
326,San Felipe,VE,2022-03-24 03:06:32,10.3399,-68.7425,71.62,86,92,7.34
327,Palmer,US,2022-03-24 03:06:33,42.1584,-72.3287,40.5,63,100,5.75
328,Provideniya,RU,2022-03-24 03:04:08,64.3833,-173.3,19.51,68,0,4.47
329,Mobaye,CF,2022-03-24 03:06:33,4.319,21.1786,73.45,73,91,2.75
330,Agnibilekrou,CI,2022-03-24 03:06:34,7.1344,-3.2047,73.56,95,100,2.53
331,Kropotkin,RU,2022-03-24 03:06:34,45.4375,40.5756,30.43,73,87,15.14
332,San Ignacio,BZ,2022-03-24 03:06:35,17.1561,-89.0714,73.09,97,31,2.89
333,Finote Selam,ET,2022-03-24 03:06:35,10.7,37.2667,62.2,35,11,2.62
334,Baykit,RU,2022-03-24 03:06:35,61.67,96.37,19.24,91,96,1.66
335,Longyearbyen,SJ,2022-03-24 03:03:10,78.2186,15.6401,-16.94,97,48,2.95
336,Grand Gaube,MU,2022-03-24 03:06:36,-20.0064,57.6608,79.38,83,44,16.17
337,La Libertad,EC,2022-03-24 03:06:37,-2.2333,-80.9,76.75,82,99,7.49
338,Podosinovets,RU,2022-03-24 03:06:37,60.2776,47.0659,31.08,84,100,8.97
339,Atlantic Beach,US,2022-03-24 03:02:33,30.3344,-81.3987,71.58,96,100,1.01
340,Velsk,RU,2022-03-24 03:06:38,61.0701,42.0983,25.39,98,87,7.76
341,Beloha,MG,2022-03-24 03:06:38,-25.1667,45.05,71.35,74,0,6.91
342,Jian,CN,2022-03-24 03:06:39,27.1172,114.9793,60.57,69,99,4.09
343,Tougan,BF,2022-03-24 03:06:39,13.0667,-3.0667,80.17,12,11,8.05
344,Uyemskiy,RU,2022-03-24 03:06:40,64.4743,40.8524,33.85,69,40,8.95
345,Ambovombe,MG,2022-03-24 03:06:40,-25.1667,46.0833,70.63,84,0,4.52
346,Kulhudhuffushi,MV,2022-03-24 03:06:40,6.6221,73.07,83.21,61,38,13.11
347,Avera,US,2022-03-24 03:06:41,33.194,-82.5271,71.65,96,80,10.2
348,Sao Gabriel Da Cachoeira,BR,2022-03-24 03:06:41,-0.1303,-67.0892,73.33,98,100,0.74
349,Visnes,NO,2022-03-24 03:06:42,59.3556,5.2242,41.05,81,75,13.8
350,Rorvik,NO,2022-03-24 03:06:42,64.8621,11.2373,43.9,98,100,14.05
351,Mantua,IT,2022-03-24 03:06:42,45.1667,10.7833,43.84,63,0,7.4
352,Fairbanks,US,2022-03-24 03:06:43,64.8378,-147.7164,19.36,47,0,12.66
353,Benguela,AO,2022-03-24 03:05:24,-12.5763,13.4055,78.82,84,94,2.62
354,Kaitangata,NZ,2022-03-24 03:06:44,-46.2817,169.8464,63.7,51,5,12.3
355,Yulara,AU,2022-03-24 03:06:44,-25.2406,130.9889,87.64,30,7,11.5
356,Iraquara,BR,2022-03-24 03:06:44,-12.2486,-41.6194,68.56,95,95,5.84
357,Mucurapo,TT,2022-03-24 03:06:45,10.6667,-61.5333,78.26,84,5,10.54
358,Santa Maria,BR,2022-03-24 03:06:45,-29.6842,-53.8069,66.04,98,100,4.5
359,Iquitos,PE,2022-03-24 03:06:46,-3.7481,-73.2472,77.04,100,40,3.44
360,Shama,CN,2022-03-24 03:07:47,33.6102,104.2852,55.69,56,29,5.44
361,Kirando,TZ,2022-03-24 03:07:48,-7.4167,30.6,70.09,82,30,5.64
362,Dhrangadhra,IN,2022-03-24 03:07:07,22.9833,71.4667,79.43,28,52,9.51
363,Mabaruma,GY,2022-03-24 03:07:48,8.2,-59.7833,72.18,96,9,2.84
364,Vung Tau,VN,2022-03-24 03:07:49,10.346,107.0843,83.86,75,11,10.71
365,Egvekinot,RU,2022-03-24 03:07:49,66.3167,-179.1667,16.03,82,17,0.54
366,Olafsvik,IS,2022-03-24 03:07:50,64.8945,-23.7142,41.11,98,100,10.31
367,Abalak,RU,2022-03-24 03:07:50,58.1286,68.5944,24.19,88,100,13.82
368,Dingle,PH,2022-03-24 03:07:51,10.9995,122.6711,88.86,56,22,12.62
369,Rognan,NO,2022-03-24 03:07:51,67.0953,15.3878,37.54,89,100,6.64
370,Laguna,US,2022-03-24 03:07:51,38.421,-121.4238,71.89,58,0,6.91
371,State College,US,2022-03-24 03:07:52,40.7934,-77.86,45.9,88,100,15.99
372,Hami,CN,2022-03-24 03:07:52,42.8,93.45,45.1,24,100,7.23
373,Ribeira Grande,PT,2022-03-24 03:07:53,38.5167,-28.7,59.43,77,88,14.72
374,Rio Gallegos,AR,2022-03-24 03:07:53,-51.6226,-69.2181,48.25,76,0,14.97
375,Lompoc,US,2022-03-24 03:07:58,34.6391,-120.4579,66.34,94,100,4.61
376,Meulaboh,ID,2022-03-24 03:07:58,4.1363,96.1285,83.62,72,99,2.06
377,Roma,US,2022-03-24 03:07:59,43.2128,-75.4557,41.68,73,100,21.85
378,Keflavik,IS,2022-03-24 03:07:59,64.0049,-22.5624,43.23,100,100,19.57
379,Finnsnes,NO,2022-03-24 03:08:00,69.2296,17.9811,30.81,96,100,4.52
380,Pisco,PE,2022-03-24 03:08:00,-13.7,-76.2167,68.02,77,0,13.8
381,Ostrovnoy,RU,2022-03-24 03:08:00,68.0531,39.5131,25.0,94,100,24.18
382,Ak-Dovurak,RU,2022-03-24 03:08:01,51.1833,90.6,10.27,72,100,2.04
383,Bandarbeyla,SO,2022-03-24 03:08:01,9.4942,50.8122,74.8,83,16,1.5
384,Sao Jose Da Coroa Grande,BR,2022-03-24 03:08:02,-8.8978,-35.1478,78.51,83,99,8.61
385,Hofn,IS,2022-03-24 03:08:02,64.2539,-15.2082,37.9,90,100,7.76
386,Katangli,RU,2022-03-24 03:08:02,51.7102,143.2326,31.35,89,7,3.58
387,Svetlaya,RU,2022-03-24 03:08:03,46.5389,138.3297,37.2,73,74,4.76
388,Faya,SA,2022-03-24 03:08:03,18.3851,42.4509,54.12,69,6,3.15
389,Newton Stewart,GB,2022-03-24 03:08:04,54.9578,-4.4832,44.6,72,26,2.53
390,Leamington,CA,2022-03-24 03:08:04,42.0549,-82.6062,42.91,99,77,14.47
391,Tyrma,RU,2022-03-24 03:08:05,50.0833,132.1667,32.14,83,90,0.27
392,Hiji,JP,2022-03-24 03:08:05,33.3667,131.5333,58.62,53,0,5.88
393,Vila Franca Do Campo,PT,2022-03-24 03:08:05,37.7167,-25.4333,58.19,70,16,1.86
394,Sakaiminato,JP,2022-03-24 03:08:06,35.55,133.2333,54.01,56,4,14.43
395,Cayenne,GF,2022-03-24 03:08:06,4.9333,-52.3333,80.1,1,100,8.05
396,Tonantins,BR,2022-03-24 03:08:07,-2.8731,-67.8022,74.14,98,100,1.9
397,Los Llanos De Aridane,ES,2022-03-24 03:08:07,28.6585,-17.9182,60.55,80,0,12.66
398,Suez,EG,2022-03-24 03:08:08,29.9737,32.5263,50.02,54,3,11.97
399,Mega,ET,2022-03-24 03:08:08,4.05,38.3,60.78,76,29,5.23
400,Paka,MY,2022-03-24 03:08:09,4.6374,103.4368,85.28,70,15,2.48
401,Hanzhong,CN,2022-03-24 03:08:09,33.0728,107.0303,62.56,57,60,2.64
402,Boende,CD,2022-03-24 03:08:09,-0.2167,20.8667,70.2,85,37,1.61
403,Soure,BR,2022-03-24 03:08:10,-0.7167,-48.5233,78.13,88,100,9.69
404,Yemanzhelinsk,RU,2022-03-24 03:03:35,54.7547,61.3208,31.28,80,100,16.58
405,Roebourne,AU,2022-03-24 03:08:11,-20.7833,117.1333,97.0,33,87,2.44
406,Mount Isa,AU,2022-03-24 03:04:23,-20.7333,139.5,96.57,24,47,10.36
407,Forestville,US,2022-03-24 03:05:51,38.8451,-76.875,56.59,95,100,9.22
408,Weligama,LK,2022-03-24 03:09:12,5.9667,80.4167,83.21,68,69,6.55
409,Wasilla,US,2022-03-24 03:09:13,61.5814,-149.4394,38.89,49,0,14.97
410,Moose Factory,CA,2022-03-24 03:09:13,51.2585,-80.6094,24.55,95,100,4.21
411,Kirya,TZ,2022-03-24 03:09:14,-3.9167,37.4833,72.5,84,90,7.87
412,Santa Isabel Do Rio Negro,BR,2022-03-24 03:09:14,-0.4139,-65.0192,74.26,98,100,2.59
413,Chapais,CA,2022-03-24 03:09:14,49.7834,-74.8492,26.42,87,100,9.91
414,Aripuana,BR,2022-03-24 03:05:10,-9.1667,-60.6333,73.56,98,100,2.08
415,Makaha,US,2022-03-24 03:09:15,21.4694,-158.2175,80.51,60,75,16.11
416,Itaporanga,BR,2022-03-24 03:09:15,-7.3044,-38.1503,71.89,94,97,0.49
417,Ravar,IR,2022-03-24 03:09:16,31.2656,56.8055,61.86,22,0,2.95
418,Rundu,NA,2022-03-24 03:09:16,-17.9333,19.7667,63.21,83,6,4.5
419,Bharatpur,IN,2022-03-24 03:09:17,27.2167,77.4833,88.39,13,92,7.14
420,Miandrivazo,MG,2022-03-24 03:09:21,-19.5167,45.4667,75.6,91,3,2.44
421,Evensk,RU,2022-03-24 03:09:21,61.95,159.2333,23.68,92,100,8.81
422,Geraldton,AU,2022-03-24 03:09:21,-28.7667,114.6,93.61,21,33,23.02
423,Arraial Do Cabo,BR,2022-03-24 03:09:22,-22.9661,-42.0278,75.67,76,4,15.82
424,Marica,BR,2022-03-24 03:09:22,-22.9194,-42.8186,73.35,81,4,10.13
425,Anlu,CN,2022-03-24 03:09:23,31.1661,112.5831,58.15,68,100,15.66
426,Matagami,CA,2022-03-24 03:09:23,49.7502,-77.6328,30.02,82,100,10.74
427,Gamba,GA,2022-03-24 03:09:24,-2.65,10.0,78.37,91,98,3.85
428,Ngorongoro,TZ,2022-03-24 03:09:24,-3.2397,35.4875,50.18,94,26,3.15
429,Angoche,MZ,2022-03-24 03:09:24,-16.2325,39.9086,74.17,95,32,9.15
430,Texarkana,US,2022-03-24 03:09:25,33.4251,-94.0477,52.02,53,0,4.61
431,Green River,US,2022-03-24 03:05:22,41.5286,-109.4662,44.98,51,8,8.01
432,North Bend,US,2022-03-24 03:09:25,43.4065,-124.2243,55.92,97,100,11.5
433,Backa Palanka,RS,2022-03-24 03:09:26,45.2508,19.3919,44.6,61,0,5.91
434,Kifri,IQ,2022-03-24 03:09:26,34.6959,44.9661,51.33,66,0,10.8
435,Abu Samrah,SY,2022-03-24 03:09:27,35.3029,37.1841,42.19,88,83,11.1
436,Cimarron Hills,US,2022-03-24 03:06:08,38.8586,-104.6989,41.59,34,0,16.11
437,Shubarshi,KZ,2022-03-24 03:09:27,48.5872,57.1869,9.7,95,11,4.45
438,Takoradi,GH,2022-03-24 03:09:28,4.8845,-1.7554,79.9,86,66,4.97
439,Linqiong,CN,2022-03-24 03:09:28,30.4159,103.4609,59.56,74,98,3.85
440,Marawi,PH,2022-03-24 03:09:29,7.9986,124.2928,81.14,59,62,5.48
441,Taywarah,AF,2022-03-24 03:09:29,33.35,64.4167,40.42,54,0,3.18
442,Panaba,MX,2022-03-24 03:09:29,21.2833,-88.2667,76.19,69,16,8.03
443,Mgandu,TZ,2022-03-24 03:09:30,-5.95,34.1333,58.21,99,61,5.19
444,Chimbote,PE,2022-03-24 03:09:30,-9.0853,-78.5783,69.01,86,36,6.76
445,Petropavlovsk-Kamchatskiy,RU,2022-03-24 03:09:31,53.0452,158.6483,30.79,55,75,6.71
446,Gorbatov,RU,2022-03-24 03:09:31,56.1331,43.0583,23.81,99,80,5.41
447,Rosarito,MX,2022-03-24 03:09:32,32.3333,-117.0333,75.42,54,0,7.2
448,Manggar,ID,2022-03-24 03:09:32,-2.8833,108.2667,85.89,67,54,7.07
449,Kadiri,IN,2022-03-24 03:09:33,14.1167,78.1667,82.06,60,60,3.36
450,Vardo,NO,2022-03-24 03:09:33,70.3705,31.1107,26.94,60,99,22.95
451,Honningsvag,NO,2022-03-24 03:09:33,70.9821,25.9704,28.15,50,75,13.8
452,Fayaoue,NC,2022-03-24 03:09:34,-20.65,166.5333,80.96,71,100,15.26
453,Knysna,ZA,2022-03-24 03:09:34,-34.0363,23.0471,65.88,96,16,5.23
454,Shebalino,RU,2022-03-24 03:10:35,51.2917,85.6772,19.0,72,80,15.86
455,Sandnessjoen,NO,2022-03-24 03:10:35,66.0217,12.6316,42.66,96,100,5.01
456,Laibin,CN,2022-03-24 03:06:04,23.7,109.2667,55.94,93,100,1.59
457,Vaitape,PF,2022-03-24 03:10:36,-16.5167,-151.75,81.09,73,100,8.7
458,Wewak,PG,2022-03-24 03:10:36,-3.5534,143.6268,83.52,74,76,2.33
459,Nefteyugansk,RU,2022-03-24 03:10:36,61.0998,72.6035,20.41,96,100,8.84
460,Gizel,RU,2022-03-24 03:10:37,43.04,44.5708,25.02,92,87,6.71
461,Scottsbluff,US,2022-03-24 03:10:37,41.8666,-103.6672,43.92,33,0,8.05
462,Kuito,AO,2022-03-24 03:10:38,-12.3833,16.9333,59.02,97,100,3.02
463,Kurilsk,RU,2022-03-24 03:10:38,45.2333,147.8833,34.5,71,100,7.61
464,Okha,RU,2022-03-24 03:10:39,53.5739,142.9478,26.04,76,7,8.12
465,Atar,MR,2022-03-24 03:10:39,20.5169,-13.0499,67.5,24,0,10.27
466,Dubuque,US,2022-03-24 03:10:39,42.4833,-90.8668,38.62,79,100,17.27
467,Antofagasta,CL,2022-03-24 03:10:40,-23.65,-70.4,60.08,79,40,5.28
468,Flin Flon,CA,2022-03-24 03:06:00,54.7682,-101.865,32.11,94,70,8.12
469,Codrington,AU,2022-03-24 03:10:40,-38.2667,141.9667,62.11,55,100,8.34
470,Mundo Nuevo,MX,2022-03-24 03:10:41,18.7,-95.5,71.37,75,100,9.89
471,Arecibo,PR,2022-03-24 03:10:31,18.4724,-66.7157,75.38,87,0,10.65
472,Clarksburg,US,2022-03-24 03:06:06,39.2807,-80.3445,62.29,91,100,8.05
473,Emba,KZ,2022-03-24 03:10:42,48.8264,58.1442,12.99,96,78,5.86
474,Pinega,RU,2022-03-24 03:10:42,64.7001,43.3936,30.94,84,100,10.89
475,Bedesa,ET,2022-03-24 03:10:43,8.9,40.7833,64.13,73,49,1.21
476,Ilebo,CD,2022-03-24 03:10:43,-4.3167,20.5833,70.07,89,46,1.81
477,Tuy Hoa,VN,2022-03-24 03:10:44,13.0833,109.3,85.96,66,87,4.94
478,Havre-Saint-Pierre,CA,2022-03-24 03:10:44,50.2334,-63.5986,24.24,70,0,12.12
479,Pimentel,PE,2022-03-24 03:10:44,-6.8367,-79.9342,70.38,81,22,14.99
480,Broome,US,2022-03-24 03:10:45,42.2506,-75.833,40.89,73,100,16.11
481,Karratha,AU,2022-03-24 03:10:45,-20.7377,116.8463,95.38,39,99,9.22
482,Ozernovskiy,RU,2022-03-24 03:10:46,51.5,156.5167,31.48,72,100,18.59
483,Mucuri,BR,2022-03-24 03:10:46,-18.0864,-39.5508,74.64,88,50,5.53
484,Denizli,TR,2022-03-24 03:10:47,37.8402,29.0698,34.61,81,7,3.65
485,Khandyga,RU,2022-03-24 03:10:47,62.6667,135.6,14.02,85,100,2.71
486,Borinskoye,RU,2022-03-24 03:10:47,52.4569,39.3713,31.06,86,100,6.04
487,Carballo,ES,2022-03-24 03:10:48,43.213,-8.691,47.75,93,9,2.55
488,Kochi,IN,2022-03-24 03:09:00,9.9399,76.2602,80.58,81,81,3.11
489,Linxia,CN,2022-03-24 03:09:12,35.6003,103.2064,57.42,34,94,8.01
490,Raub,MY,2022-03-24 03:10:49,3.7899,101.857,86.7,66,63,1.05
491,Mahina,PF,2022-03-24 03:10:49,-17.5065,-149.489,83.97,65,75,9.22
492,San Cristobal,VE,2022-03-24 03:10:49,7.7669,-72.225,73.58,71,29,1.41
493,Brownsville,US,2022-03-24 03:10:40,25.9018,-97.4975,59.97,60,0,0.0
494,Taiyuan,CN,2022-03-24 03:10:50,37.8694,112.5603,53.46,47,40,4.47
495,La Orilla,MX,2022-03-24 03:10:50,17.9833,-102.2333,71.01,69,0,2.64
496,Nouadhibou,MR,2022-03-24 03:10:51,20.931,-17.0347,61.9,83,0,25.01
497,Merauke,ID,2022-03-24 03:10:51,-8.4667,140.3333,84.13,72,57,9.01
498,Vestmannaeyjar,IS,2022-03-24 03:10:52,63.4427,-20.2734,45.73,97,100,18.7
499,Hasaki,JP,2022-03-24 03:10:52,35.7333,140.8333,54.28,71,97,14.85
500,Nyrob,RU,2022-03-24 03:10:53,60.733,56.7202,7.65,100,94,1.05
501,Huntsville,US,2022-03-24 03:07:14,34.7304,-86.5861,51.6,75,0,10.36
502,Ascension,US,2022-03-24 03:10:53,30.2169,-90.9001,57.2,77,0,0.0
503,Larsnes,NO,2022-03-24 03:11:54,62.2028,5.5773,48.79,86,95,13.56
504,Tocopilla,CL,2022-03-24 03:11:53,-22.092,-70.1979,67.19,73,18,5.21
505,Kushima,JP,2022-03-24 03:11:54,31.4583,131.2333,60.93,57,3,4.65
506,Kloulklubed,PW,2022-03-24 03:11:55,7.0419,134.2556,81.1,76,100,12.91
507,Heihe,CN,2022-03-24 03:11:55,50.2441,127.4902,34.38,97,96,4.9
508,Svetlogorsk,BY,2022-03-24 03:11:56,52.6333,29.7333,36.3,79,3,13.71
509,Northam,GB,2022-03-24 03:11:56,51.0333,-4.2167,45.39,74,7,5.44
510,Kuala Terengganu,MY,2022-03-24 03:11:57,5.3302,103.1408,83.68,74,11,2.98
511,Tougue,GN,2022-03-24 03:11:57,11.4667,-11.6,77.58,51,78,3.74
512,Atexcatzingo,MX,2022-03-24 03:11:57,19.4667,-98.1333,64.72,34,4,5.12
513,Bhakkar,PK,2022-03-24 03:08:20,31.6253,71.0657,78.46,24,0,3.11
514,Maxixe,MZ,2022-03-24 03:11:58,-23.8597,35.3472,70.7,92,6,3.47
515,Barentu,ER,2022-03-24 03:11:58,15.1139,37.5928,69.15,50,14,4.23
516,Batagay,RU,2022-03-24 03:11:59,67.6333,134.6333,8.35,83,90,3.18
517,Rochegda,RU,2022-03-24 03:11:59,62.8,43.25,26.6,93,57,8.5
518,Zhanakorgan,KZ,2022-03-24 03:12:00,43.9098,67.2495,38.71,61,39,1.92
519,Port Shepstone,ZA,2022-03-24 03:12:00,-30.7414,30.455,69.78,77,40,5.23
520,Oga,IT,2022-03-24 03:12:01,46.4631,10.347,31.69,60,0,1.01
521,Havelock,US,2022-03-24 03:12:01,34.8791,-76.9013,71.58,91,100,13.8
522,Waupun,US,2022-03-24 03:08:47,43.6333,-88.7296,39.72,98,100,9.44
523,Katobu,ID,2022-03-24 03:12:02,-4.9408,122.5276,87.8,59,88,3.98
524,Broken Hill,AU,2022-03-24 03:12:02,-31.95,141.4333,74.41,28,3,10.47
525,Quchan,IR,2022-03-24 03:12:03,37.106,58.5095,33.01,96,91,10.85
526,Tulsipur,NP,2022-03-24 03:12:03,28.131,82.2973,84.31,16,0,2.71
527,Wanning,CN,2022-03-24 03:12:03,18.8003,110.3967,82.15,74,84,7.4
528,Miles City,US,2022-03-24 03:12:04,46.4083,-105.8406,52.77,37,0,5.75
529,Komsomolskiy,UZ,2022-03-24 03:12:04,40.4272,71.7189,41.72,81,75,2.3
530,Ixtapa,MX,2022-03-24 03:07:49,20.7,-105.2,69.03,78,0,0.0
531,Udachnyy,RU,2022-03-24 03:12:05,66.4167,112.4,8.46,77,76,4.52
532,Margate,GB,2022-03-24 03:12:05,51.3813,1.3862,48.42,69,0,3.91
533,Altamira,BR,2022-03-24 03:12:06,-3.2033,-52.2064,72.34,99,54,2.77
534,Lolodorf,CM,2022-03-24 03:12:06,3.2333,10.7333,72.61,98,99,2.24
535,Djibo,BF,2022-03-24 03:12:07,14.1022,-1.6306,79.79,9,65,10.29
536,Chicama,PE,2022-03-24 03:12:07,-7.8447,-79.1469,64.94,76,43,7.14
537,Warsaw,PL,2022-03-24 03:12:07,52.2298,21.0118,41.86,67,0,4.61
538,Raudeberg,NO,2022-03-24 03:12:08,61.9875,5.1352,41.67,83,100,23.55
539,Baiyin,CN,2022-03-24 03:12:08,36.5583,104.2081,47.07,33,99,24.05
540,Makinsk,KZ,2022-03-24 03:12:09,52.6292,70.4169,25.41,90,99,23.76
541,Coquimbo,CL,2022-03-24 03:12:09,-29.9533,-71.3436,58.73,82,0,4.61
542,Swellendam,ZA,2022-03-24 03:12:10,-34.0226,20.4417,67.75,85,99,3.58
543,Masterton,NZ,2022-03-24 03:12:10,-40.9597,175.6575,65.88,99,100,4.18
544,Mayo,US,2022-03-24 03:12:11,38.8876,-76.5119,57.94,95,100,11.5
545,Marivan,IR,2022-03-24 03:12:11,35.5219,46.176,43.57,68,55,2.93
546,Koulamoutou,GA,2022-03-24 03:12:11,-1.1303,12.4736,70.59,97,9,1.12
547,Zhangye,CN,2022-03-24 03:12:12,38.9342,100.4517,41.43,35,100,9.8
548,Bontang,ID,2022-03-24 03:12:12,0.1333,117.5,84.49,66,100,3.62
549,Masuguru,TZ,2022-03-24 03:12:13,-11.3667,38.4167,70.48,98,95,1.1
550,Baruun-Urt,MN,2022-03-24 03:12:13,46.6806,113.2792,38.7,45,86,19.24
551,Boca Del Monte,MX,2022-03-24 03:13:14,19.15,-96.8167,58.93,92,99,3.36
552,Khilok,RU,2022-03-24 03:13:14,51.3674,110.4676,24.64,71,100,5.44
553,Sabinopolis,BR,2022-03-24 03:13:15,-18.6661,-43.0839,63.73,98,48,3.09
554,Ola,RU,2022-03-24 03:13:15,59.5833,151.2833,25.14,70,14,4.85
555,Yumbe,UG,2022-03-24 03:13:15,3.4651,31.2469,66.09,81,10,3.15
556,Huinan,CN,2022-03-24 03:13:16,42.6225,126.2614,44.17,41,37,7.45
557,Beidao,CN,2022-03-24 03:13:16,34.5686,105.8933,54.97,69,97,8.37
558,Pitimbu,BR,2022-03-24 03:13:17,-7.4706,-34.8086,75.79,83,23,8.86
559,Librazhd,AL,2022-03-24 03:13:17,41.1794,20.315,43.7,48,0,6.29
560,Saint-Georges,GD,2022-03-24 03:13:18,12.0564,-61.7485,77.74,76,0,16.71
561,Liku,ID,2022-03-24 03:13:18,-0.7275,119.8922,87.37,56,99,2.73
562,Taitung,TW,2022-03-24 03:13:18,22.7583,121.1444,71.87,78,100,4.61
